"Monomers & Polymers",
"Carbohydrates",
"Lipids",
"General Properties of Protiens",
"Many Proteins are Enzymes",
"Structure of DNA & RNA",
"DNA Replication",
"ATP",
"Water",
"Inorganic Ions",
"Inorganic Ions",
"Structure of Eukaryotic Cells",
"Structure of Prokaryotic Cells and Viruses",
"Methods of Studying Cells",
"All Cells Arise From Other Cells",
"Transport Across Cell Membranes",
"Surface Area to Volume Ratio",
"Gas Exchange",
"Digestion and Absorption",
"Water",
"Inorganic Ions",
"All Cells Arise From Other Cells",
"Transport Across Cell Membranes",
"Surface Area to Volume Ratio",
"Gas Exchange",
"Gas Exchange",
"Digestion and Absorption",
"Water",
"Water",
"Inorganic Ions"
