"Physical chemistry: Atoms, molecules and stoichiometry",
"Physical chemistry: Atomic structure",
"Physical chemistry: Chemical bonding",
"Physical chemistry: States of matter",
"Physical chemistry: Chemical energetics",
"Physical chemistry: Chemical bonding",
"Physical chemistry: States of matter",
"Physical chemistry: Chemical energetics",
"Physical chemistry: Electrochemistry",
"Physical chemistry: Electrochemistry",
"Physical chemistry: Equilibria",
"Physical chemistry: Reaction kinetics",
"Inorganic chemistry: The Periodic Table: chemical periodicity",
"Inorganic chemistry: Group 2",
"Inorganic chemistry: Group 2",
"Inorganic chemistry: Group 2",
"Inorganic chemistry: Group 17",
"Inorganic chemistry: An introduction to the chemistry of transition elements",
"Inorganic chemistry: Nitrogen and sulfur",
"Organic chemistry: Introductory topics",
"Organic chemistry and analysis: Hydrocarbons",
"Organic chemistry and analysis: Halogen derivatives",
"Organic chemistry and analysis: Hydroxy compounds",
"Organic chemistry and analysis: Hydrocarbons",
"Organic chemistry and analysis: Carbonyl compounds",
"Organic chemistry and analysis: Carboxylic acids and derivatives",
"Organic chemistry and analysis: Nitrogen compounds",
"Organic chemistry and analysis: Polymerisation",
"Organic chemistry and analysis: Analytical techniques",
"Organic chemistry and analysis: Organic synthesis"
